{"cameraMode":{"drawMode":0,"name":"Shaded","section":"Shading Mode"},"sceneLighting":true,"audioPlay":false,"sceneViewState":{"showFog":true,"showMaterialUpdate":false,"showSkybox":true,"showFlares":true,"showImageEffects":true,"showParticleSystems":true},"in2DMode":false,"pivot":{"x":-77.98397064208985,"y":1.8515183925628663,"z":-7.546188831329346},"rotation":{"x":0.014246742241084576,"y":-0.6813300848007202,"z":0.01331167109310627,"w":0.7317700982093811},"size":36.23454284667969,"orthographic":false}