{"cameraMode":{"drawMode":0,"name":"Shaded","section":"Shading Mode"},"sceneLighting":false,"audioPlay":false,"sceneViewState":{"showFog":true,"showMaterialUpdate":false,"showSkybox":false,"showFlares":true,"showImageEffects":true,"showParticleSystems":true},"in2DMode":false,"pivot":{"x":-0.18999266624450684,"y":1.626485824584961,"z":0.4893749952316284},"rotation":{"x":-0.11797649413347244,"y":-0.8510611653327942,"z":0.21636977791786195,"w":-0.46372881531715395},"size":1.2247449159622193,"orthographic":false}