{"cameraMode":{"drawMode":0,"name":"Shaded","section":"Shading Mode"},"sceneLighting":true,"audioPlay":false,"sceneViewState":{"showFog":true,"showMaterialUpdate":false,"showSkybox":true,"showFlares":true,"showImageEffects":true,"showParticleSystems":true},"in2DMode":false,"pivot":{"x":1.906968116760254,"y":-0.000003814697265625,"z":-1.655416488647461},"rotation":{"x":-0.07213112711906433,"y":0.9236041903495789,"z":-0.21607035398483277,"w":-0.3083283305168152},"size":10.0,"orthographic":false}